Filename,Iteration,Elapsed_Seconds,Total_Time_Seconds,Total_Time_MM:SS,Overuse
01_board_with_airwires_20251101_234110_329.png,,0.0,0.0,0:00,
02_board_no_airwires_20251101_234111_846.png,,1.0,1.0,0:01,
03_board_with_escapes_20251101_234125_004.png,,14.0,15.0,0:15,
04_iteration_01_20251101_234238_188.png,1,73.0,88.0,1:28,26549
05_iteration_02_20251101_234309_611.png,2,31.0,119.0,1:59,25400
06_iteration_03_20251101_234327_871.png,3,18.0,137.0,2:17,27189
07_iteration_04_20251101_234354_780.png,4,27.0,164.0,2:44,29852
08_iteration_05_20251101_234419_451.png,5,25.0,189.0,3:09,47156
09_iteration_06_20251101_234443_907.png,6,24.0,213.0,3:33,52606
10_iteration_07_20251101_234507_387.png,7,24.0,237.0,3:57,51895
11_iteration_08_20251101_234530_665.png,8,23.0,260.0,4:20,31622
12_iteration_09_20251101_234555_412.png,9,25.0,285.0,4:45,29231
13_iteration_10_20251101_234619_242.png,10,24.0,309.0,5:09,36754
14_iteration_11_20251101_234644_487.png,11,25.0,334.0,5:34,42218
15_iteration_12_20251101_234708_758.png,12,24.0,358.0,5:58,41587
16_iteration_13_20251101_234735_972.png,13,27.0,385.0,6:25,26316
17_iteration_14_20251101_234800_274.png,14,25.0,410.0,6:50,25962
18_iteration_15_20251101_234826_065.png,15,26.0,436.0,7:16,43133
19_iteration_16_20251101_234850_700.png,16,24.0,460.0,7:40,43518
20_iteration_17_20251101_234917_015.png,17,27.0,487.0,8:07,37938
21_iteration_18_20251101_234941_827.png,18,24.0,511.0,8:31,28701
22_iteration_19_20251101_235008_042.png,19,27.0,538.0,8:58,46657
23_iteration_20_20251101_235032_998.png,20,24.0,562.0,9:22,37949
24_iteration_21_20251101_235059_348.png,21,27.0,589.0,9:49,34970
25_iteration_22_20251101_235124_903.png,22,25.0,614.0,10:14,29386
26_iteration_23_20251101_235149_012.png,23,25.0,639.0,10:39,24837
27_iteration_24_20251101_235215_623.png,24,26.0,665.0,11:05,32497
28_iteration_25_20251101_235239_736.png,25,24.0,689.0,11:29,29441
29_iteration_26_20251101_235306_435.png,26,27.0,716.0,11:56,30961
30_iteration_27_20251101_235331_475.png,27,25.0,741.0,12:21,32240
31_iteration_28_20251101_235358_681.png,28,27.0,768.0,12:48,40112
32_iteration_29_20251101_235423_077.png,29,25.0,793.0,13:13,22144
33_iteration_30_20251101_235448_078.png,30,25.0,818.0,13:38,31287
34_iteration_31_20251101_235512_586.png,31,24.0,842.0,14:02,30915
35_iteration_32_20251101_235537_987.png,32,25.0,867.0,14:27,32278
36_iteration_33_20251101_235602_964.png,33,25.0,892.0,14:52,45782
37_iteration_34_20251101_235628_083.png,34,26.0,918.0,15:18,37525
38_iteration_35_20251101_235652_774.png,35,24.0,942.0,15:42,22957
39_iteration_36_20251101_235719_138.png,36,27.0,969.0,16:09,34502
40_iteration_37_20251101_235743_654.png,37,24.0,993.0,16:33,41540
41_iteration_38_20251101_235810_921.png,38,27.0,1020.0,17:00,34379
42_iteration_39_20251101_235837_554.png,39,27.0,1047.0,17:27,36763
43_iteration_40_20251101_235901_561.png,40,24.0,1071.0,17:51,20604
44_iteration_41_20251101_235927_212.png,41,26.0,1097.0,18:17,42183
45_iteration_42_20251101_235950_276.png,42,23.0,1120.0,18:40,38291
46_iteration_43_20251102_000015_960.png,43,25.0,1145.0,19:05,42240
47_iteration_44_20251102_000039_835.png,44,24.0,1169.0,19:29,38205
48_iteration_45_20251102_000107_135.png,45,28.0,1197.0,19:57,41154
49_iteration_46_20251102_000132_409.png,46,25.0,1222.0,20:22,32184
50_iteration_47_20251102_000156_795.png,47,24.0,1246.0,20:46,33355
51_iteration_48_20251102_000223_543.png,48,27.0,1273.0,21:13,40070
52_iteration_49_20251102_000249_324.png,49,26.0,1299.0,21:39,37692
53_iteration_50_20251102_000315_062.png,50,26.0,1325.0,22:05,41260
54_iteration_51_20251102_000338_637.png,51,23.0,1348.0,22:28,1175
55_iteration_52_20251102_000404_682.png,52,26.0,1374.0,22:54,1513
56_iteration_53_20251102_000425_695.png,53,21.0,1395.0,23:15,1221
57_iteration_54_20251102_000446_397.png,54,21.0,1416.0,23:36,1171
58_iteration_55_20251102_000505_376.png,55,19.0,1435.0,23:55,748
59_iteration_56_20251102_000523_257.png,56,18.0,1453.0,24:13,733
60_iteration_57_20251102_000540_860.png,57,17.0,1470.0,24:30,537
61_iteration_58_20251102_000556_493.png,58,16.0,1486.0,24:46,465
62_iteration_59_20251102_000612_221.png,59,16.0,1502.0,25:02,518
63_iteration_60_20251102_000628_007.png,60,16.0,1518.0,25:18,299
64_iteration_61_20251102_000643_479.png,61,15.0,1533.0,25:33,251
65_iteration_62_20251102_000657_743.png,62,14.0,1547.0,25:47,135
66_iteration_63_20251102_000711_627.png,63,14.0,1561.0,26:01,127
67_iteration_64_20251102_000725_384.png,64,14.0,1575.0,26:15,375
68_iteration_65_20251102_000739_204.png,65,14.0,1589.0,26:29,288
69_iteration_66_20251102_000753_516.png,66,14.0,1603.0,26:43,124
70_iteration_67_20251102_000807_244.png,67,14.0,1617.0,26:57,81
71_iteration_68_20251102_000821_288.png,68,14.0,1631.0,27:11,186
72_iteration_69_20251102_000834_799.png,69,13.0,1644.0,27:24,78
73_iteration_70_20251102_000848_365.png,70,14.0,1658.0,27:38,46
74_iteration_71_20251102_000901_801.png,71,13.0,1671.0,27:51,152
75_iteration_72_20251102_000915_466.png,72,14.0,1685.0,28:05,97
76_iteration_73_20251102_000928_875.png,73,13.0,1698.0,28:18,103
77_iteration_74_20251102_000942_211.png,74,14.0,1712.0,28:32,101
